Train loss,Train accuracy,Validation loss,Validation Accuracy,Test loss, Test Accuracy
0.8098932463437953,0.7049184441566467,0.8071030303835869,0.6997841000556946,0.8514466341584921,0.6805612444877625