Train loss,Train accuracy,Validation loss,Validation Accuracy,Test loss, Test Accuracy
0.7636486069953188,0.721645712852478,0.8097718972712755,0.7120682597160339,0.8320817146450281,0.6913034319877625