Train loss,Train accuracy,Validation loss,Validation Accuracy,Test loss, Test Accuracy
0.7530986134042131,0.7197297811508179,0.8210304398089647,0.7144325375556946,0.8458900582045317,0.6965460777282715