Train loss,Train accuracy,Validation loss,Validation Accuracy,Test loss, Test Accuracy
0.9591356071214827,0.766369104385376,1.1148768924176693,0.708984375,1.0712803969016442,0.7139423489570618