Train loss,Train accuracy,Validation loss,Validation Accuracy,Test loss, Test Accuracy
1.049199644535307,0.718254029750824,1.1077999100089073,0.708203136920929,1.0642939668435316,0.7211538553237915