Train loss,Train accuracy,Validation loss,Validation Accuracy,Test loss, Test Accuracy
1.0576127983154135,0.7127659320831299,1.0341257005929947,0.720703125,1.047933854162693,0.6969651579856873