Train loss,Train accuracy,Validation loss,Validation Accuracy,Test loss, Test Accuracy
1.2513826984040282,0.6707351803779602,1.0858242139220238,0.6911057829856873,1.1779158562421799,0.6479867696762085