Train loss,Train accuracy,Validation loss,Validation Accuracy,Test loss, Test Accuracy
0.8979618240006363,0.7327927350997925,0.8697422035038471,0.740039050579071,0.8945528753101826,0.7349609136581421