Train loss,Train accuracy,Validation loss,Validation Accuracy,Test loss, Test Accuracy
0.9360253697709192,0.7114319801330566,0.8312577940523624,0.757031261920929,0.9310609102249146,0.716796875